{
	"a7.1.30": {
		"v": 8,
		"u": ""
	},
	"a7.1.40": {
		"v": 8,
		"u": ""
	},
	"a7.1.50": {
		"v": 6,
		"u": ""
	},
	"a7.1.60": {
		"v": 5,
		"u": ""
	},
	"a7.1.70": {
		"v": 5,
		"u": ""
	},
	"a7.1.70.2": {
		"v": 4,
		"u": ""
	},
	"a7.1.80": {
		"v": 5,
		"u": ""
	},
	"a7.1.90": {
		"v": 5,
		"u": ""
	},
	"a7.2.10": {
		"v": 4,
		"u": ""
	},
	"a7.2.20": {
		"v": 4,
		"u": ""
	},
	"a7.2.30": {
		"v": 4,
		"u": ""
	},
	"a7.2.40": {
		"v": 4,
		"u": ""
	},
	"a7.2.50": {
		"v": 4,
		"u": ""
	},
	"a7.2.60": {
		"v": 5,
		"u": ""
	},
	"a7.2.70": {
		"v": 4,
		"u": ""
	},
	"a7.2.80": {
		"v": 4,
		"u": ""
	},
	"a7.2.90": {
		"v": 4,
		"u": ""
	},
	"a7.3.10": {
		"v": 4,
		"u": ""
	},
	"a7.3.20": {
		"v": 4,
		"u": ""
	},
	"a7.3.30": {
		"v": 4,
		"u": ""
	},
	"a7.3.40": {
		"v": 4,
		"u": ""
	},
	"a7.3.40.1": {
		"v": 3,
		"u": ""
	},
	"a": {
		"v": 1
	},
	"a7.3.50": {
		"v": 3,
		"u": ""
	},
	"a7.3.70": {
		"v": 3,
		"u": ""
	},
	"a7.3.71": {
		"v": 3,
		"u": ""
	},
	"a7.3.80": {
		"v": 3,
		"u": ""
	},
	"a7.3.90": {
		"v": 3,
		"u": ""
	},
	"a7.3.91": {
		"v": 3,
		"u": ""
	},
	"a7.3.92": {
		"v": 3,
		"u": ""
	},
	"a7.4.10": {
		"v": 1,
		"u": ""
	},
	"a7.4.20": {
		"v": 1,
		"u": ""
	},
	"a7.4.30": {
		"v": 1,
		"u": ""
	},
	"a7.4.40": {
		"v": 1,
		"u": ""
	},
	"a7.4.60": {
		"v": 1,
		"u": ""
	},
	"a7.4.70": {
		"v": 1,
		"u": ""
	},
	"a7.4.80": {
		"v": 1,
		"u": ""
	},
	"a7.5.10": {
		"v": 1,
		"u": ""
	},
	"a7.5.20": {
		"v": 1,
		"u": ""
	},
	"a7.5.30": {
		"v": 1,
		"u": ""
	},
	"a7.5.40": {
		"v": 1,
		"u": ""
	},
	"a7.5.41": {
		"v": 1,
		"u": ""
	},
	"a7.5.60": {
		"v": 1,
		"u": ""
	},
	"a7.5.70": {
		"v": 1,
		"u": ""
	},
	"a7.5.80": {
		"v": 1,
		"u": ""
	},
	"a7.5.90": {
		"v": 1,
		"u": ""
	},
	"a7.6.10": {
		"v": 1,
		"u": ""
	},
	"a7.6.20": {
		"v": 1,
		"u": ""
	},
	"a7.6.20": {
		"v": 1,
		"u": ""
	},
	"a7.6.30": {
		"v": 1,
		"u": ""
	},
	"a7.6.40": {
		"v": 1,
		"u": ""
	},
	"a7.6.50": {
		"v": 1,
		"u": ""
	},
	"a7.6.60": {
		"v": 1,
		"u": ""
	},
	"a7.6.70": {
		"v": 1,
		"u": ""
	},
	"a7.6.80": {
		"v": 1,
		"u": ""
	},
	"a7.6.90": {
		"v": 1,
		"u": ""
	},
	"a7.7.10": {
		"v": 1,
		"u": ""
	},
	"a7.7.21": {
		"v": 1,
		"u": ""
	},
	"a7.7.30": {
		"v": 1,
		"u": ""
	},
	"a7.7.31": {
		"v": 1,
		"u": ""
	},
	"a7.7.40": {
		"v": 1,
		"u": ""
	},
	"a7.7.50": {
		"v": 1,
		"u": ""
	},
	"a7.7.60": {
		"v": 1,
		"u": ""
	},
	"a7.7.70": {
		"v": 1,
		"u": ""
	},
	"a7.7.80": {
		"v": 1,
		"u": ""
	},
	"a7.7.90": {
		"v": 1,
		"u": ""
	},
	"a7.8.10": {
		"v": 1,
		"u": ""
	},
	"a7.8.20": {
		"v": 1,
		"u": ""
	},
	"a7.8.30": {
		"v": 1,
		"u": ""
	},
	"a7.8.40": {
		"v": 1,
		"u": ""
	},
	"a7.8.50": {
		"v": 1,
		"u": ""
	},
	"a7.8.60": {
		"v": 1,
		"u": ""
	},
	"a7.8.70": {
		"v": 1,
		"u": ""
	},
	"a7.8.80": {
		"v": 1,
		"u": ""
	},
	"a7.8.90": {
		"v": 1,
		"u": ""
	},
	"a7.9.10": {
		"v": 1,
		"u": ""
	},
	"a7.9.20": {
		"v": 1,
		"u": ""
	},
	"a7.9.30": {
		"v": 1,
		"u": ""
	},
	"a7.9.40": {
		"v": 1,
		"u": ""
	},
	"a7.9.50": {
		"v": 1,
		"u": ""
	},
	"a7.9.60": {
		"v": 1,
		"u": ""
	},
	"a7.9.70": {
		"v": 1,
		"u": ""
	},
	"a7.9.80": {
		"v": 1,
		"u": ""
	},
	"a7.9.90": {
		"v": 1,
		"u": ""
	}
}
