{
  "c": true,
  "alipays": "https://github.com/azwhikaru/fish_helper_config/",
  "qqGroupKey": "",
  "qqGroupTitle": "",
  "minAdapt": "7.1.30",
  "maxAdapt": "7.8.80",
  "dialogTitle": "提示",
  "dialogIntro": "该版本由 azwhikaru 提供，请勿滥用、滥改",
  "dialogShow": false,
  "dialogExit": false,
  "dialogTime": 0,
  "updateInfo": {
    "u": true,
    "f": false,
    "vn": "1.3.9",
    "vc": 41,
    "du": "https://github.com/azwhikaru/fish_helper_config/",
    "dt": "by azwhikaru",
    "title": "闲鱼猪手 *MOD*",
    "intro": "\n换源",
    "time": 3
  },
  "beta": {
    "c": true,
    "alipays": "https://github.com/azwhikaru/fish_helper_config/",
    "qqGroupKey": "",
    "qqGroupTitle": "",
    "minAdapt": "7.1.30",
    "maxAdapt": "7.8.80",
    "dialogTitle": "提示标题",
    "dialogIntro": "提示内容",
    "dialogShow": false,
    "dialogExit": false,
    "dialogTime": 5,
    "updateInfo": {
      "u": true,
      "f": false,
      "vn": "1.3.9",
      "vc": 41,
      "du": "https://github.com/azwhikaru/fish_helper_config/",
      "dt": "by azwhikaru",
      "title": "闲鱼猪手 *MOD*",
      "intro": "\n换源",
      "time": 3
    }
  }
}
